App Name,First8,Second8,Last8,Day,City Name
Google_Mail,41935782,207115245,165014849,1,Marseille
LinkedIn,332103005,1494466718,1409890799,1,Marseille
Playstation,865337059,468427959,885415186,1,Marseille
YouTube,4448340972,10822163576,13858966851,1,Marseille
Google_Mail,49363671,302450250,157686238,2,Marseille
LinkedIn,345680184,2443306646,1304594593,2,Marseille
Playstation,177945947,531733047,1000824789,2,Marseille
YouTube,4190833642,8385216754,9012831401,2,Marseille
Google_Mail,36500356,239009504,112971102,3,Marseille
LinkedIn,340408315,2035071035,1206043033,3,Marseille
Playstation,163287515,217254184,821013907,3,Marseille
YouTube,2867151980,6635230341,9787904694,3,Marseille
Google_Mail,22731246,145010850,69512220,4,Marseille
LinkedIn,236708334,907773769,972446340,4,Marseille
Playstation,143172144,279786869,393539854,4,Marseille
YouTube,2825427414,7263785135,8392192288,4,Marseille
Google_Mail,16491554,66044608,75869730,5,Marseille
LinkedIn,178085916,836001649,831393360,5,Marseille
Playstation,214313166,108128269,423220267,5,Marseille
YouTube,2938199129,7654832181,9176331668,5,Marseille
Google_Mail,31056091,203007601,114894282,6,Marseille
LinkedIn,253289299,1683338740,1105367198,6,Marseille
Playstation,151236863,74649819,421241981,6,Marseille
YouTube,2949597924,5750151028,7520842077,6,Marseille
Google_Mail,26991419,222642013,151674464,7,Marseille
LinkedIn,276820106,1880643042,1207791246,7,Marseille
Playstation,191401970,333310817,899294033,7,Marseille
YouTube,2481157790,6363942441,8953547149,7,Marseille
Google_Mail,29702099,216131561,147970712,8,Marseille
LinkedIn,225059860,1167573411,1308000178,8,Marseille
Playstation,99571865,164412989,379867725,8,Marseille
YouTube,2858271238,7550310504,11143852532,8,Marseille
Google_Mail,41802960,108283298,124685758,1,Nice
LinkedIn,213563519,946921292,846146962,1,Nice
Playstation,30851659,471409403,745657107,1,Nice
YouTube,2865684555,7478552025,8537446694,1,Nice
Google_Mail,26872682,221681935,104054510,2,Nice
LinkedIn,295419553,1047396723,798387675,2,Nice
Playstation,498609899,396623454,330050297,2,Nice
YouTube,2638909203,5870578621,6456397870,2,Nice
Google_Mail,21085067,156089821,93440926,3,Nice
LinkedIn,202634448,905044456,762933206,3,Nice
Playstation,187460633,92916382,302383693,3,Nice
YouTube,2280973143,4627915863,6303810940,3,Nice
Google_Mail,33292252,98024502,80157062,4,Nice
LinkedIn,135992094,665135983,656860914,4,Nice
Playstation,111860432,202460830,400848279,4,Nice
YouTube,2184267387,5201964039,6272088810,4,Nice
Google_Mail,12619246,57791155,54849691,5,Nice
LinkedIn,115330435,501930598,586455004,5,Nice
Playstation,73767058,200460094,299380750,5,Nice
YouTube,1978243596,4528851111,5179654529,5,Nice
Google_Mail,20014626,190477612,150781873,6,Nice
LinkedIn,193639777,807395645,611957712,6,Nice
Playstation,56709832,30381075,429972371,6,Nice
YouTube,2014122632,4155784613,5005413899,6,Nice
Google_Mail,20827273,169312736,135299908,7,Nice
LinkedIn,180464015,915681421,854119695,7,Nice
Playstation,43722953,266128997,93962963,7,Nice
YouTube,2204258519,4964773900,6012721871,7,Nice
Google_Mail,44185875,167740409,116993019,8,Nice
LinkedIn,178603934,1023406410,953017988,8,Nice
Playstation,22904562,154020953,222269017,8,Nice
YouTube,2204557539,5159387090,6915964809,8,Nice
